<?xml version='1.0'?>
<SymbolMappings>
  <SymbolMapping name="boxdot" ch="161" fontId="jlm_msam10" />
  <SymbolMapping name="boxplus" ch="162" fontId="jlm_msam10" />
  <SymbolMapping name="boxtimes" ch="163" fontId="jlm_msam10" />
  <SymbolMapping name="square" ch="164" fontId="jlm_msam10" />
  <SymbolMapping name="blacksquare" ch="165" fontId="jlm_msam10" />
  <SymbolMapping name="centerdot" ch="166" fontId="jlm_msam10" />
  <SymbolMapping name="lozenge" ch="167" fontId="jlm_msam10" />
  <SymbolMapping name="blacklozenge" ch="168" fontId="jlm_msam10" />
  <SymbolMapping name="circlearrowright" ch="169" fontId="jlm_msam10" />
  <SymbolMapping name="circlearrowleft" ch="170" fontId="jlm_msam10" />
  <SymbolMapping name="leftrightharpoons" ch="174" fontId="jlm_msam10" />
  <SymbolMapping name="boxminus" ch="175" fontId="jlm_msam10" />
  <SymbolMapping name="Vdash" ch="176" fontId="jlm_msam10" />
  <SymbolMapping name="Vvdash" ch="177" fontId="jlm_msam10" />
  <SymbolMapping name="vDash" ch="178" fontId="jlm_msam10" />
  <SymbolMapping name="twoheadrightarrow" ch="179" fontId="jlm_msam10" />
  <SymbolMapping name="twoheadleftarrow" ch="180" fontId="jlm_msam10" />
  <SymbolMapping name="leftleftarrows" ch="181" fontId="jlm_msam10" />
  <SymbolMapping name="rightrightarrows" ch="182" fontId="jlm_msam10" />
  <SymbolMapping name="upuparrows" ch="183" fontId="jlm_msam10" />
  <SymbolMapping name="downdownarrows" ch="184" fontId="jlm_msam10" />
  <SymbolMapping name="upharpoonright" ch="185" fontId="jlm_msam10" />
  <SymbolMapping name="downharpoonright" ch="186" fontId="jlm_msam10" />
  <SymbolMapping name="upharpoonleft" ch="187" fontId="jlm_msam10" />
  <SymbolMapping name="downharpoonleft" ch="188" fontId="jlm_msam10" />
  <SymbolMapping name="rightarrowtail" ch="189" fontId="jlm_msam10" />
  <SymbolMapping name="leftarrowtail" ch="190" fontId="jlm_msam10" />
  <SymbolMapping name="leftrightarrows" ch="191" fontId="jlm_msam10" />
  <SymbolMapping name="rightleftarrows" ch="192" fontId="jlm_msam10" />
  <SymbolMapping name="Lsh" ch="193" fontId="jlm_msam10" />
  <SymbolMapping name="Rsh" ch="194" fontId="jlm_msam10" />
  <SymbolMapping name="rightsquigarrow" ch="195" fontId="jlm_msam10" />
  <SymbolMapping name="leftrightsquigarrow" ch="33" fontId="jlm_msam10" />
  <SymbolMapping name="looparrowleft" ch="34" fontId="jlm_msam10" />
  <SymbolMapping name="looparrowright" ch="35" fontId="jlm_msam10" />
  <SymbolMapping name="circeq" ch="36" fontId="jlm_msam10" />
  <SymbolMapping name="succsim" ch="37" fontId="jlm_msam10" />
  <SymbolMapping name="gtrsim" ch="38" fontId="jlm_msam10" />
  <SymbolMapping name="gtrapprox" ch="39" fontId="jlm_msam10" />
  <SymbolMapping name="multimap" ch="40" fontId="jlm_msam10" />
  <SymbolMapping name="therefore" ch="41" fontId="jlm_msam10" />
  <SymbolMapping name="because" ch="42" fontId="jlm_msam10" />
  <SymbolMapping name="doteqdot" ch="43" fontId="jlm_msam10" />
  <SymbolMapping name="triangleq" ch="44" fontId="jlm_msam10" />
  <SymbolMapping name="precsim" ch="45" fontId="jlm_msam10" />
  <SymbolMapping name="lesssim" ch="46" fontId="jlm_msam10" />
  <SymbolMapping name="lessapprox" ch="47" fontId="jlm_msam10" />
  <SymbolMapping name="eqslantless" ch="48" fontId="jlm_msam10" />
  <SymbolMapping name="eqslantgtr" ch="49" fontId="jlm_msam10" />
  <SymbolMapping name="curlyeqprec" ch="50" fontId="jlm_msam10" />
  <SymbolMapping name="curlyeqsucc" ch="51" fontId="jlm_msam10" />
  <SymbolMapping name="preccurlyeq" ch="52" fontId="jlm_msam10" />
  <SymbolMapping name="leqq" ch="53" fontId="jlm_msam10" />
  <SymbolMapping name="leqslant" ch="54" fontId="jlm_msam10" />
  <SymbolMapping name="lessgtr" ch="55" fontId="jlm_msam10" />
  <SymbolMapping name="backprime" ch="56" fontId="jlm_msam10" />
  <SymbolMapping name="risingdotseq" ch="58" fontId="jlm_msam10" />
  <SymbolMapping name="fallingdotseq" ch="59" fontId="jlm_msam10" />
  <SymbolMapping name="succcurlyeq" ch="60" fontId="jlm_msam10" />
  <SymbolMapping name="geqq" ch="61" fontId="jlm_msam10" />
  <SymbolMapping name="geqslant" ch="62" fontId="jlm_msam10" />
  <SymbolMapping name="gtrless" ch="63" fontId="jlm_msam10" />
  <SymbolMapping name="vartriangleright" ch="66" fontId="jlm_msam10" />
  <SymbolMapping name="vartriangleleft" ch="67" fontId="jlm_msam10" />
  <SymbolMapping name="trianglerighteq" ch="68" fontId="jlm_msam10" />
  <SymbolMapping name="trianglelefteq" ch="69" fontId="jlm_msam10" />
  <SymbolMapping name="bigstar" ch="70" fontId="jlm_msam10" />
  <SymbolMapping name="between" ch="71" fontId="jlm_msam10" />
  <SymbolMapping name="blacktriangledown" ch="72" fontId="jlm_msam10" />
  <SymbolMapping name="blacktriangleright" ch="73" fontId="jlm_msam10" />
  <SymbolMapping name="blacktriangleleft" ch="74" fontId="jlm_msam10" />
  <SymbolMapping name="vartriangle" ch="77" fontId="jlm_msam10" />
  <SymbolMapping name="blacktriangle" ch="78" fontId="jlm_msam10" />
  <SymbolMapping name="triangledown" ch="79" fontId="jlm_msam10" />
  <SymbolMapping name="eqcirc" ch="80" fontId="jlm_msam10" />
  <SymbolMapping name="lesseqgtr" ch="81" fontId="jlm_msam10" />
  <SymbolMapping name="gtreqless" ch="82" fontId="jlm_msam10" />
  <SymbolMapping name="lesseqqgtr" ch="83" fontId="jlm_msam10" />
  <SymbolMapping name="gtreqqless" ch="84" fontId="jlm_msam10" />
  <SymbolMapping name="Rrightarrow" ch="86" fontId="jlm_msam10" />
  <SymbolMapping name="Lleftarrow" ch="87" fontId="jlm_msam10" />
  <SymbolMapping name="checkmark" ch="88" fontId="jlm_msam10" />
  <SymbolMapping name="veebar" ch="89" fontId="jlm_msam10" />
  <SymbolMapping name="barwedge" ch="90" fontId="jlm_msam10" />
  <SymbolMapping name="doublebarwedge" ch="91" fontId="jlm_msam10" />
  <SymbolMapping name="measuredangle" ch="93" fontId="jlm_msam10" />
  <SymbolMapping name="sphericalangle" ch="94" fontId="jlm_msam10" />
  <SymbolMapping name="varpropto" ch="95" fontId="jlm_msam10" />
  <SymbolMapping name="smallsmile" ch="96" fontId="jlm_msam10" />
  <SymbolMapping name="smallfrown" ch="97" fontId="jlm_msam10" />
  <SymbolMapping name="Subset" ch="98" fontId="jlm_msam10" />
  <SymbolMapping name="Supset" ch="99" fontId="jlm_msam10" />
  <SymbolMapping name="Cup" ch="100" fontId="jlm_msam10" />
  <SymbolMapping name="Cap" ch="101" fontId="jlm_msam10" />
  <SymbolMapping name="curlywedge" ch="102" fontId="jlm_msam10" />
  <SymbolMapping name="curlyvee" ch="103" fontId="jlm_msam10" />
  <SymbolMapping name="leftthreetimes" ch="104" fontId="jlm_msam10" />
  <SymbolMapping name="rightthreetimes" ch="105" fontId="jlm_msam10" />
  <SymbolMapping name="subseteqq" ch="106" fontId="jlm_msam10" />
  <SymbolMapping name="supseteqq" ch="107" fontId="jlm_msam10" />
  <SymbolMapping name="bumpeq" ch="108" fontId="jlm_msam10" />
  <SymbolMapping name="Bumpeq" ch="109" fontId="jlm_msam10" />
  <SymbolMapping name="lll" ch="110" fontId="jlm_msam10" />
  <SymbolMapping name="ggg" ch="111" fontId="jlm_msam10" />
  <SymbolMapping name="ulcorner" ch="112" fontId="jlm_msam10" />
  <SymbolMapping name="urcorner" ch="113" fontId="jlm_msam10" />
  <SymbolMapping name="textregistered" ch="114" fontId="jlm_msam10" />
  <SymbolMapping name="circledS" ch="115" fontId="jlm_msam10" />
  <SymbolMapping name="pitchfork" ch="116" fontId="jlm_msam10" />
  <SymbolMapping name="dotplus" ch="117" fontId="jlm_msam10" />
  <SymbolMapping name="backsim" ch="118" fontId="jlm_msam10" />
  <SymbolMapping name="backsimeq" ch="119" fontId="jlm_msam10" />
  <SymbolMapping name="llcorner" ch="120" fontId="jlm_msam10" />
  <SymbolMapping name="lrcorner" ch="121" fontId="jlm_msam10" />
  <SymbolMapping name="maltese" ch="122" fontId="jlm_msam10" />
  <SymbolMapping name="complement" ch="123" fontId="jlm_msam10" />
  <SymbolMapping name="intercal" ch="124" fontId="jlm_msam10" />
  <SymbolMapping name="circledcirc" ch="125" fontId="jlm_msam10" />
  <SymbolMapping name="circledast" ch="126" fontId="jlm_msam10" />
  <SymbolMapping name="circleddash" ch="196" fontId="jlm_msam10" />

  <SymbolMapping name="lvertneqq" ch="161" fontId="jlm_msbm10" />
  <SymbolMapping name="gvertneqq" ch="162" fontId="jlm_msbm10" />
  <SymbolMapping name="nleq" ch="163" fontId="jlm_msbm10" />
  <SymbolMapping name="ngeq" ch="164" fontId="jlm_msbm10" />
  <SymbolMapping name="nless" ch="165" fontId="jlm_msbm10" />
  <SymbolMapping name="ngtr" ch="166" fontId="jlm_msbm10" />
  <SymbolMapping name="nprec" ch="167" fontId="jlm_msbm10" />
  <SymbolMapping name="nsucc" ch="168" fontId="jlm_msbm10" />
  <SymbolMapping name="lneqq" ch="169" fontId="jlm_msbm10" />
  <SymbolMapping name="gneqq" ch="170" fontId="jlm_msbm10" />
  <SymbolMapping name="nleqslant" ch="173" fontId="jlm_msbm10" />
  <SymbolMapping name="ngeqslant" ch="174" fontId="jlm_msbm10" />
  <SymbolMapping name="lneq" ch="175" fontId="jlm_msbm10" />
  <SymbolMapping name="gneq" ch="176" fontId="jlm_msbm10" />
  <SymbolMapping name="npreceq" ch="177" fontId="jlm_msbm10" />
  <SymbolMapping name="nsucceq" ch="178" fontId="jlm_msbm10" />
  <SymbolMapping name="precnsim" ch="179" fontId="jlm_msbm10" />
  <SymbolMapping name="succnsim" ch="180" fontId="jlm_msbm10" />
  <SymbolMapping name="lnsim" ch="181" fontId="jlm_msbm10" />
  <SymbolMapping name="gnsim" ch="182" fontId="jlm_msbm10" />
  <SymbolMapping name="nleqq" ch="183" fontId="jlm_msbm10" />
  <SymbolMapping name="ngeqq" ch="184" fontId="jlm_msbm10" />
  <SymbolMapping name="precneqq" ch="185" fontId="jlm_msbm10" />
  <SymbolMapping name="succneqq" ch="186" fontId="jlm_msbm10" />
  <SymbolMapping name="precnapprox" ch="187" fontId="jlm_msbm10" />
  <SymbolMapping name="succnapprox" ch="188" fontId="jlm_msbm10" />
  <SymbolMapping name="lnapprox" ch="189" fontId="jlm_msbm10" />
  <SymbolMapping name="gnapprox" ch="190" fontId="jlm_msbm10" />
  <SymbolMapping name="nsim" ch="191" fontId="jlm_msbm10" />
  <SymbolMapping name="ncong" ch="192" fontId="jlm_msbm10" />
  <SymbolMapping name="diagup" ch="193" fontId="jlm_msbm10" />
  <SymbolMapping name="diagdown" ch="194" fontId="jlm_msbm10" />
  <SymbolMapping name="varsubsetneq" ch="195" fontId="jlm_msbm10" />
  <SymbolMapping name="varsupsetneq" ch="33" fontId="jlm_msbm10" />
  <SymbolMapping name="nsubseteqq" ch="34" fontId="jlm_msbm10" />
  <SymbolMapping name="nsupseteqq" ch="35" fontId="jlm_msbm10" />
  <SymbolMapping name="subsetneqq" ch="36" fontId="jlm_msbm10" />
  <SymbolMapping name="supsetneqq" ch="37" fontId="jlm_msbm10" />
  <SymbolMapping name="varsubsetneqq" ch="38" fontId="jlm_msbm10" />
  <SymbolMapping name="varsupsetneqq" ch="39" fontId="jlm_msbm10" />
  <SymbolMapping name="subsetneq" ch="40" fontId="jlm_msbm10" />
  <SymbolMapping name="supsetneq" ch="41" fontId="jlm_msbm10" />
  <SymbolMapping name="nsubseteq" ch="42" fontId="jlm_msbm10" />
  <SymbolMapping name="nsupseteq" ch="43" fontId="jlm_msbm10" />
  <SymbolMapping name="nparallel" ch="44" fontId="jlm_msbm10" />
  <SymbolMapping name="nmid" ch="45" fontId="jlm_msbm10" />
  <SymbolMapping name="nshortmid" ch="46" fontId="jlm_msbm10" />
  <SymbolMapping name="nshortparallel" ch="47" fontId="jlm_msbm10" />
  <SymbolMapping name="nvdash" ch="48" fontId="jlm_msbm10" />
  <SymbolMapping name="nVdash" ch="49" fontId="jlm_msbm10" />
  <SymbolMapping name="nvDash" ch="50" fontId="jlm_msbm10" />
  <SymbolMapping name="nVDash" ch="51" fontId="jlm_msbm10" />
  <SymbolMapping name="ntrianglerighteq" ch="52" fontId="jlm_msbm10" />
  <SymbolMapping name="ntrianglelefteq" ch="53" fontId="jlm_msbm10" />
  <SymbolMapping name="ntriangleleft" ch="54" fontId="jlm_msbm10" />
  <SymbolMapping name="ntriangleright" ch="55" fontId="jlm_msbm10" />
  <SymbolMapping name="nleftarrow" ch="56" fontId="jlm_msbm10" />
  <SymbolMapping name="nrightarrow" ch="57" fontId="jlm_msbm10" />
  <SymbolMapping name="nLeftarrow" ch="58" fontId="jlm_msbm10" />
  <SymbolMapping name="nRightarrow" ch="59" fontId="jlm_msbm10" />
  <SymbolMapping name="nLeftrightarrow" ch="60" fontId="jlm_msbm10" />
  <SymbolMapping name="nleftrightarrow" ch="61" fontId="jlm_msbm10" />
  <SymbolMapping name="divideontimes" ch="62" fontId="jlm_msbm10" />
  <SymbolMapping name="varnothing" ch="63" fontId="jlm_msbm10" />
  <SymbolMapping name="nexists" ch="64" fontId="jlm_msbm10" />
  <SymbolMapping name="Finv" ch="96" fontId="jlm_msbm10" />
  <SymbolMapping name="Game" ch="97" fontId="jlm_msbm10" />
  <SymbolMapping name="eth" ch="103" fontId="jlm_msbm10" />
  <SymbolMapping name="eqsim" ch="104" fontId="jlm_msbm10" />
  <SymbolMapping name="beth" ch="105" fontId="jlm_msbm10" />
  <SymbolMapping name="gimel" ch="106" fontId="jlm_msbm10" />
  <SymbolMapping name="daleth" ch="107" fontId="jlm_msbm10" />
  <SymbolMapping name="lessdot" ch="108" fontId="jlm_msbm10" />
  <SymbolMapping name="gtrdot" ch="109" fontId="jlm_msbm10" />
  <SymbolMapping name="ltimes" ch="110" fontId="jlm_msbm10" />
  <SymbolMapping name="rtimes" ch="111" fontId="jlm_msbm10" />
  <SymbolMapping name="shortmid" ch="112" fontId="jlm_msbm10" />
  <SymbolMapping name="shortparallel" ch="113" fontId="jlm_msbm10" />
  <SymbolMapping name="smallsetminus" ch="114" fontId="jlm_msbm10" />
  <SymbolMapping name="thicksim" ch="115" fontId="jlm_msbm10" />
  <SymbolMapping name="thickapprox" ch="116" fontId="jlm_msbm10" />
  <SymbolMapping name="approxeq" ch="117" fontId="jlm_msbm10" />
  <SymbolMapping name="succapprox" ch="118" fontId="jlm_msbm10" />
  <SymbolMapping name="precapprox" ch="119" fontId="jlm_msbm10" />
  <SymbolMapping name="curvearrowleft" ch="120" fontId="jlm_msbm10" />
  <SymbolMapping name="curvearrowright" ch="121" fontId="jlm_msbm10" />
  <SymbolMapping name="digamma" ch="122" fontId="jlm_msbm10" />
  <SymbolMapping name="varkappa" ch="123" fontId="jlm_msbm10" />
  <SymbolMapping name="Bbbk" ch="124" fontId="jlm_msbm10" />
  <SymbolMapping name="hslash" ch="125" fontId="jlm_msbm10" />
  <SymbolMapping name="backepsilon" ch="196" fontId="jlm_msbm10" />
</SymbolMappings>
