<?xml version='1.0'?>
<SymbolMappings>
  <!-- miscellaneous symbols -->

  <SymbolMapping name="comma" ch="59" fontId="jlm_cmmi10_unchanged"/>
  <SymbolMapping name="ldotp" ch="58" fontId="jlm_cmmi10_unchanged"/>
  <SymbolMapping name="cdotp" ch="162" fontId="jlm_cmsy10"/>
  <SymbolMapping name="normaldot" ch="58" fontId="jlm_cmmi10_unchanged"/>
  <SymbolMapping name="textnormaldot" ch="58" fontId="jlm_cmmi10_unchanged"/>
  <SymbolMapping name="slash" ch="61" fontId="jlm_cmmi10_unchanged"/>

  <SymbolMapping name="guillemotleft" ch="33" fontId="jlm_jlmi10"/>
  <SymbolMapping name="guillemotright" ch="36" fontId="jlm_jlmi10"/>
  <SymbolMapping name="guilsinglleft" ch="34" fontId="jlm_jlmi10"/>
  <SymbolMapping name="guilsinglright" ch="35" fontId="jlm_jlmi10"/>
  <SymbolMapping name="og" ch="33" fontId="jlm_jlmi10"/>
  <SymbolMapping name="fg" ch="36" fontId="jlm_jlmi10"/>
  <SymbolMapping name="textperthousand" ch="37" fontId="jlm_jlmr10"/>
  <SymbolMapping name="textpertenthousand" ch="38" fontId="jlm_jlmr10"/>
  <SymbolMapping name="textdbend" ch="126" fontId="jlm_jlmr10_unchanged"/>
  <SymbolMapping name="dbend" ch="127" fontId="jlm_jlmr10_unchanged"/>

  <!-- this symbol is not defined in "TeXSymbols.xml", because it's not meant to be used as a symbol.
       Use "surd" instead. -->
  <SymbolMapping name="sqrt" ch="112" fontId="jlm_cmsy10"/>

  <SymbolMapping name="textfractionsolidus" ch="47" fontId="jlm_cmr10"/>
  <SymbolMapping name="textminus" ch="45" fontId="jlm_cmr10"/>
  <SymbolMapping name="textendash" ch="123" fontId="jlm_cmr10"/>
  <SymbolMapping name="textemdash" ch="124" fontId="jlm_cmr10"/>
  <SymbolMapping name="semicolon" ch="59" fontId="jlm_cmr10"/>
  <SymbolMapping name="faculty" ch="33" fontId="jlm_cmr10"/>
  <SymbolMapping name="question" ch="63" fontId="jlm_cmr10"/>
  <SymbolMapping name="questiondown" ch="62" fontId="jlm_cmr10"/>
  <SymbolMapping name="jlatexmathsharp" ch="35" fontId="jlm_cmr10"/>
  <SymbolMapping name="textdollar" ch="36" fontId="jlm_cmr10"/>
  <SymbolMapping name="textpercent" ch="37" fontId="jlm_cmr10"/>
  <SymbolMapping name="textampersand" ch="38" fontId="jlm_cmr10"/>
  <SymbolMapping name="jlatexmatharobase" ch="64" fontId="jlm_cmr10"/>
  <SymbolMapping name="textapos" ch="39" fontId="jlm_cmr10"/>
  <SymbolMapping name="jlatexmathlapos" ch="96" fontId="jlm_cmr10"/>

  <SymbolMapping name="oe" ch="190" fontId="jlm_cmti10"/>
  <SymbolMapping name="ae" ch="189" fontId="jlm_cmti10"/>
  <SymbolMapping name="OE" ch="193" fontId="jlm_cmti10"/>
  <SymbolMapping name="AE" ch="192" fontId="jlm_cmti10"/>
  <SymbolMapping name="ss" ch="188" fontId="jlm_cmti10"/>
  <SymbolMapping name="o" ch="191" fontId="jlm_cmti10"/>
  <SymbolMapping name="O" ch="194" fontId="jlm_cmti10"/>
  <SymbolMapping name="tie" ch="196" fontId="jlm_cmmi10_unchanged"/>
  <SymbolMapping name="i" ch="179" fontId="jlm_cmti10"/>
  <SymbolMapping name="j" ch="180" fontId="jlm_cmti10"/>
  <SymbolMapping name="jlatexmathcedilla" ch="187" fontId="jlm_cmti10"/>
  <SymbolMapping name="lq" ch="96" fontId="jlm_cmti10"/>
  <SymbolMapping name="rq" ch="39" fontId="jlm_cmti10"/>
  <!-- math accents -->

  <SymbolMapping name="acute" ch="182" fontId="jlm_cmr10"/>
  <SymbolMapping name="grave" ch="181" fontId="jlm_cmr10"/>
  <SymbolMapping name="ddot" ch="196" fontId="jlm_cmr10"/>
  <SymbolMapping name="doubleacute" ch="125" fontId="jlm_cmr10"/>
  <SymbolMapping name="tilde" ch="126" fontId="jlm_cmr10"/>
  <SymbolMapping name="mathring" ch="186" fontId="jlm_cmr10"/>
  <SymbolMapping name="jlatexmathring" ch="186" fontId="jlm_cmr10"/>
  <SymbolMapping name="bar" ch="185" fontId="jlm_cmr10"/>
  <SymbolMapping name="breve" ch="184" fontId="jlm_cmr10"/>
  <SymbolMapping name="check" ch="183" fontId="jlm_cmr10"/>
  <SymbolMapping name="hat" ch="94" fontId="jlm_cmr10"/>
  <SymbolMapping name="ogonek" ch="197" fontId="jlm_cmr10"/>
  <SymbolMapping name="vec" ch="126" fontId="jlm_cmmi10_unchanged"/>
  <SymbolMapping name="dot" ch="95" fontId="jlm_cmr10"/>
  <SymbolMapping name="widehat" ch="98" fontId="jlm_cmex10"/>
  <SymbolMapping name="widetilde" ch="101" fontId="jlm_cmex10"/>

  <!-- delimiters that can change size -->

  <SymbolMapping name="lbrace" ch="102" fontId="jlm_cmsy10"/>
  <SymbolMapping name="rbrace" ch="103" fontId="jlm_cmsy10"/>
  <SymbolMapping name="lbrack" ch="40" fontId="jlm_cmr10"/>
  <SymbolMapping name="rbrack" ch="41" fontId="jlm_cmr10"/>
  <SymbolMapping name="rsqbrack" ch="93" fontId="jlm_cmr10"/>
  <SymbolMapping name="lsqbrack" ch="91" fontId="jlm_cmr10"/>
  <SymbolMapping name="langle" ch="104" fontId="jlm_cmsy10"/>
  <SymbolMapping name="rangle" ch="105" fontId="jlm_cmsy10"/>
  <SymbolMapping name="lfloor" ch="98" fontId="jlm_cmsy10"/>
  <SymbolMapping name="rfloor" ch="99" fontId="jlm_cmsy10"/>
  <SymbolMapping name="lceil" ch="100" fontId="jlm_cmsy10"/>
  <SymbolMapping name="rceil" ch="101" fontId="jlm_cmsy10"/>
  <SymbolMapping name="uparrow" ch="34" fontId="jlm_cmsy10"/>
  <SymbolMapping name="Uparrow" ch="42" fontId="jlm_cmsy10"/>
  <SymbolMapping name="downarrow" ch="35" fontId="jlm_cmsy10"/>
  <SymbolMapping name="Downarrow" ch="43" fontId="jlm_cmsy10"/>
  <SymbolMapping name="updownarrow" ch="108" fontId="jlm_cmsy10"/>
  <SymbolMapping name="Updownarrow" ch="109" fontId="jlm_cmsy10"/>
  <SymbolMapping name="vert" ch="106" fontId="jlm_cmsy10"/>
  <SymbolMapping name="Vert" ch="107" fontId="jlm_cmsy10"/>
  <SymbolMapping name="slashdel" ch="47" fontId="jlm_cmr10"/>
  <SymbolMapping name="lgroup" ch="58" fontId="jlm_cmex10"/>
  <SymbolMapping name="rgroup" ch="59" fontId="jlm_cmex10"/>
  <SymbolMapping name="bracevert" ch="62" fontId="jlm_cmex10"/>
  <SymbolMapping name="lmoustache" ch="64" fontId="jlm_moustache"/>
  <SymbolMapping name="rmoustache" ch="65" fontId="jlm_moustache"/>

  <!-- lowercase Greek letters -->

  <SymbolMapping name="alpha" ch="174" fontId="jlm_cmmi10_unchanged"/>
  <SymbolMapping name="beta" ch="175" fontId="jlm_cmmi10_unchanged"/>
  <SymbolMapping name="gamma" ch="176" fontId="jlm_cmmi10_unchanged"/>
  <SymbolMapping name="delta" ch="177" fontId="jlm_cmmi10_unchanged"/>
  <SymbolMapping name="epsilon" ch="178" fontId="jlm_cmmi10_unchanged"/>
  <SymbolMapping name="varepsilon" ch="34" fontId="jlm_cmmi10_unchanged"/>
  <SymbolMapping name="zeta" ch="179" fontId="jlm_cmmi10_unchanged"/>
  <SymbolMapping name="eta" ch="180" fontId="jlm_cmmi10_unchanged"/>
  <SymbolMapping name="theta" ch="181" fontId="jlm_cmmi10_unchanged"/>
  <SymbolMapping name="vartheta" ch="35" fontId="jlm_cmmi10_unchanged"/>
  <SymbolMapping name="iota" ch="182" fontId="jlm_cmmi10_unchanged"/>
  <SymbolMapping name="kappa" ch="183" fontId="jlm_cmmi10_unchanged"/>
  <SymbolMapping name="lambda" ch="184" fontId="jlm_cmmi10_unchanged"/>
  <SymbolMapping name="mu" ch="185" fontId="jlm_cmmi10_unchanged"/>
  <SymbolMapping name="nu" ch="186" fontId="jlm_cmmi10_unchanged"/>
  <SymbolMapping name="xi" ch="187" fontId="jlm_cmmi10_unchanged"/>

  <!-- omicron = letter 'o' -->
  <SymbolMapping name="omicron" ch="111" fontId="jlm_cmmi10_unchanged"/>

  <SymbolMapping name="pi" ch="188" fontId="jlm_cmmi10_unchanged"/>
  <SymbolMapping name="varpi" ch="36" fontId="jlm_cmmi10_unchanged"/>
  <SymbolMapping name="rho" ch="189" fontId="jlm_cmmi10_unchanged"/>
  <SymbolMapping name="varrho" ch="37" fontId="jlm_cmmi10_unchanged"/>
  <SymbolMapping name="sigma" ch="190" fontId="jlm_cmmi10_unchanged"/>
  <SymbolMapping name="varsigma" ch="38" fontId="jlm_cmmi10_unchanged"/>
  <SymbolMapping name="tau" ch="191" fontId="jlm_cmmi10_unchanged"/>
  <SymbolMapping name="upsilon" ch="192" fontId="jlm_cmmi10_unchanged"/>
  <SymbolMapping name="phi" ch="193" fontId="jlm_cmmi10_unchanged"/>
  <SymbolMapping name="varphi" ch="39" fontId="jlm_cmmi10_unchanged"/>
  <SymbolMapping name="chi" ch="194" fontId="jlm_cmmi10_unchanged"/>
  <SymbolMapping name="psi" ch="195" fontId="jlm_cmmi10_unchanged"/>
  <SymbolMapping name="omega" ch="33" fontId="jlm_cmmi10_unchanged"/>

  <!-- uppercase Greek letters -->

  <SymbolMapping name="Gamma" ch="161" fontId="jlm_cmr10"/>
  <SymbolMapping name="Delta" ch="162" fontId="jlm_cmr10"/>
  <SymbolMapping name="Theta" ch="163" fontId="jlm_cmr10"/>
  <SymbolMapping name="Lambda" ch="164" fontId="jlm_cmr10"/>
  <SymbolMapping name="Xi" ch="165" fontId="jlm_cmr10"/>
  <SymbolMapping name="Pi" ch="166" fontId="jlm_cmr10"/>
  <SymbolMapping name="Sigma" ch="167" fontId="jlm_cmr10"/>
  <SymbolMapping name="Upsilon" ch="168" fontId="jlm_cmr10"/>
  <SymbolMapping name="Phi" ch="169" fontId="jlm_cmr10"/>
  <SymbolMapping name="Psi" ch="170" fontId="jlm_cmr10"/>
  <SymbolMapping name="Omega" ch="173" fontId="jlm_cmr10"/>
  <SymbolMapping name="varGamma" ch="161" fontId="jlm_cmmi10"/>
  <SymbolMapping name="varDelta" ch="162" fontId="jlm_cmmi10"/>
  <SymbolMapping name="varTheta" ch="163" fontId="jlm_cmmi10"/>
  <SymbolMapping name="varLambda" ch="164" fontId="jlm_cmmi10"/>
  <SymbolMapping name="varXi" ch="165" fontId="jlm_cmmi10"/>
  <SymbolMapping name="varPi" ch="166" fontId="jlm_cmmi10"/>
  <SymbolMapping name="varSigma" ch="167" fontId="jlm_cmmi10"/>
  <SymbolMapping name="varUpsilon" ch="168" fontId="jlm_cmmi10"/>
  <SymbolMapping name="varPhi" ch="169" fontId="jlm_cmmi10"/>
  <SymbolMapping name="varPsi" ch="170" fontId="jlm_cmmi10"/>
  <SymbolMapping name="varOmega" ch="173" fontId="jlm_cmmi10"/>

  <!-- miscellaneous symbols of type "ord" -->

  <SymbolMapping name="aleph" ch="64" fontId="jlm_cmsy10"/>
  <SymbolMapping name="imath" ch="123" fontId="jlm_cmmi10_unchanged"/>
  <SymbolMapping name="jmath" ch="124" fontId="jlm_cmmi10_unchanged"/>
  <SymbolMapping name="ell" ch="96" fontId="jlm_cmmi10_unchanged"/>
  <SymbolMapping name="wp" ch="125" fontId="jlm_cmmi10_unchanged"/>
  <SymbolMapping name="Re" ch="60" fontId="jlm_cmsy10"/>
  <SymbolMapping name="Im" ch="61" fontId="jlm_cmsy10"/>
  <SymbolMapping name="partial" ch="64" fontId="jlm_cmmi10_unchanged"/>
  <SymbolMapping name="infty" ch="49" fontId="jlm_cmsy10"/>
  <SymbolMapping name="prime" ch="48" fontId="jlm_cmsy10"/>
  <SymbolMapping name="emptyset" ch="59" fontId="jlm_cmsy10"/>
  <SymbolMapping name="nabla" ch="114" fontId="jlm_cmsy10"/>
  <SymbolMapping name="surdsign" ch="112" fontId="jlm_cmsy10"/>
  <SymbolMapping name="top" ch="62" fontId="jlm_cmsy10"/>
  <SymbolMapping name="bot" ch="63" fontId="jlm_cmsy10"/>
  <SymbolMapping name="|" ch="107" fontId="jlm_cmsy10"/>
  <SymbolMapping name="triangle" ch="52" fontId="jlm_cmsy10"/>
  <SymbolMapping name="backslash" ch="110" fontId="jlm_cmsy10"/>
  <SymbolMapping name="forall" ch="56" fontId="jlm_cmsy10"/>
  <SymbolMapping name="exists" ch="57" fontId="jlm_cmsy10"/>
  <SymbolMapping name="neg" ch="58" fontId="jlm_cmsy10"/>
  <SymbolMapping name="lnot" ch="58" fontId="jlm_cmsy10"/>
  <SymbolMapping name="flat" ch="91" fontId="jlm_cmmi10_unchanged"/>
  <SymbolMapping name="natural" ch="92" fontId="jlm_cmmi10_unchanged"/>
  <SymbolMapping name="sharp" ch="93" fontId="jlm_cmmi10_unchanged"/>
  <SymbolMapping name="clubsuit" ch="124" fontId="jlm_cmsy10"/>
  <SymbolMapping name="diamondsuit" ch="125" fontId="jlm_cmsy10"/>
  <SymbolMapping name="heartsuit" ch="126" fontId="jlm_cmsy10"/>
  <SymbolMapping name="spadesuit" ch="196" fontId="jlm_cmsy10"/>
  <SymbolMapping name="lacc" ch="102" fontId="jlm_cmsy10"/>
  <SymbolMapping name="racc" ch="103" fontId="jlm_cmsy10"/>
  <SymbolMapping name="Relbar" ch="61" fontId="jlm_cmr10"/>
  <SymbolMapping name="lhook" ch="44" fontId="jlm_cmmi10_unchanged"/>
  <SymbolMapping name="rhook" ch="45" fontId="jlm_cmmi10_unchanged"/>
  <SymbolMapping name="mapstochar" ch="55" fontId="jlm_cmsy10"/>
  <!-- "large" operators -->

  <SymbolMapping name="bigcap" ch="84" fontId="jlm_cmex10"/>
  <SymbolMapping name="bigcup" ch="83" fontId="jlm_cmex10"/>
  <SymbolMapping name="bigodot" ch="74" fontId="jlm_cmex10"/>
  <SymbolMapping name="bigoplus" ch ="76" fontId="jlm_cmex10"/>
  <SymbolMapping name="bigotimes" ch="78" fontId="jlm_cmex10"/>
  <SymbolMapping name="bigsqcup" ch="70" fontId="jlm_cmex10"/>
  <SymbolMapping name="biguplus" ch="85" fontId="jlm_cmex10"/>
  <SymbolMapping name="bigvee" ch="87" fontId="jlm_cmex10"/>
  <SymbolMapping name="bigwedge" ch="86" fontId="jlm_cmex10"/>
  <SymbolMapping name="coprod" ch="96" fontId="jlm_cmex10"/>
  <SymbolMapping name="int" ch="82" fontId="jlm_cmex10"/>
  <SymbolMapping name="oint" ch="72" fontId="jlm_cmex10"/>
  <SymbolMapping name="sum" ch="80" fontId="jlm_cmex10"/>
  <SymbolMapping name="prod" ch="81" fontId="jlm_cmex10"/>
  <SymbolMapping name="smallint" ch="115" fontId="jlm_cmsy10"/>

  <!-- binary operations -->

  <SymbolMapping name="minus" ch="161" fontId="jlm_cmsy10"/>
  <SymbolMapping name="plus" ch="43" fontId="jlm_cmr10"/>
  <SymbolMapping name="pm" ch="167" fontId="jlm_cmsy10"/>
  <SymbolMapping name="mp" ch="168" fontId="jlm_cmsy10"/>
  <SymbolMapping name="setminus" ch="110" fontId="jlm_cmsy10"/>
  <SymbolMapping name="cdot" ch="162" fontId="jlm_cmsy10"/>
  <SymbolMapping name="times" ch="163" fontId="jlm_cmsy10"/>
  <SymbolMapping name="ast" ch="164" fontId="jlm_cmsy10"/>
  <SymbolMapping name="star" ch="63" fontId="jlm_cmmi10_unchanged"/>
  <SymbolMapping name="diamond" ch="166" fontId="jlm_cmsy10"/>
  <SymbolMapping name="circ" ch="177" fontId="jlm_cmsy10"/>
  <SymbolMapping name="bullet" ch="178" fontId="jlm_cmsy10"/>
  <SymbolMapping name="div" ch="165" fontId="jlm_cmsy10"/>
  <SymbolMapping name="cap" ch="92" fontId="jlm_cmsy10"/>
  <SymbolMapping name="cup" ch="91" fontId="jlm_cmsy10"/>
  <SymbolMapping name="uplus" ch="93" fontId="jlm_cmsy10"/>
  <SymbolMapping name="sqcap" ch="117" fontId="jlm_cmsy10"/>
  <SymbolMapping name="sqcup" ch="116" fontId="jlm_cmsy10"/>
  <SymbolMapping name="triangleleft" ch="47" fontId="jlm_cmmi10_unchanged"/>
  <SymbolMapping name="triangleright" ch="46" fontId="jlm_cmmi10_unchanged"/>
  <SymbolMapping name="wr" ch="111" fontId="jlm_cmsy10"/>
  <SymbolMapping name="bigcirc" ch="176" fontId="jlm_cmsy10"/>
  <!--SymbolMapping name="bigtriangleup" ch="52" fontId="jlm_cmsy10"/>
      <SymbolMapping name="bigtriangledown" ch="53" fontId="jlm_cmsy10"/-->
  <SymbolMapping name="vee" ch="95" fontId="jlm_cmsy10"/>
  <SymbolMapping name="lor" ch="95" fontId="jlm_cmsy10"/>
  <SymbolMapping name="wedge" ch="94" fontId="jlm_cmsy10"/>
  <SymbolMapping name="land" ch="94" fontId="jlm_cmsy10"/>
  <SymbolMapping name="oplus" ch="169" fontId="jlm_cmsy10"/>
  <SymbolMapping name="ominus" ch="170" fontId="jlm_cmsy10"/>
  <SymbolMapping name="otimes" ch="173" fontId="jlm_cmsy10"/>
  <SymbolMapping name="oslash" ch="174" fontId="jlm_cmsy10"/>
  <SymbolMapping name="odot" ch="175" fontId="jlm_cmsy10"/>
  <SymbolMapping name="dagger" ch="121" fontId="jlm_cmsy10"/>
  <SymbolMapping name="ddagger" ch="122" fontId="jlm_cmsy10"/>
  <SymbolMapping name="amalg" ch="113" fontId="jlm_cmsy10"/>

  <!-- relations -->

  <SymbolMapping name="equals" ch="61" fontId="jlm_cmr10"/>
  <SymbolMapping name="gt" ch="62" fontId="jlm_cmmi10_unchanged"/>
  <SymbolMapping name="lt" ch="60" fontId="jlm_cmmi10_unchanged"/>
  <SymbolMapping name="leq" ch="183" fontId="jlm_cmsy10"/>
  <SymbolMapping name="le" ch="183" fontId="jlm_cmsy10"/>
  <SymbolMapping name="prec" ch="193" fontId="jlm_cmsy10"/>
  <SymbolMapping name="preceq" ch="185" fontId="jlm_cmsy10"/>
  <SymbolMapping name="ll" ch="191" fontId="jlm_cmsy10"/>
  <SymbolMapping name="subset" ch="189" fontId="jlm_cmsy10"/>
  <SymbolMapping name="subseteq" ch="181" fontId="jlm_cmsy10"/>
  <SymbolMapping name="sqsubseteq" ch="118" fontId="jlm_cmsy10"/>
  <SymbolMapping name="in" ch="50" fontId="jlm_cmsy10"/>
  <SymbolMapping name="vdash" ch="96" fontId="jlm_cmsy10"/>
  <SymbolMapping name="smile" ch="94" fontId="jlm_cmmi10_unchanged"/>
  <SymbolMapping name="frown" ch="95" fontId="jlm_cmmi10_unchanged"/>
  <SymbolMapping name="geq" ch="184" fontId="jlm_cmsy10"/>
  <SymbolMapping name="ge" ch="184" fontId="jlm_cmsy10"/>
  <SymbolMapping name="succ" ch="194" fontId="jlm_cmsy10"/>
  <SymbolMapping name="succeq" ch="186" fontId="jlm_cmsy10"/>
  <SymbolMapping name="gg" ch="192" fontId="jlm_cmsy10"/>
  <SymbolMapping name="supset" ch="190" fontId="jlm_cmsy10"/>
  <SymbolMapping name="supseteq" ch="182" fontId="jlm_cmsy10"/>
  <SymbolMapping name="sqsupseteq" ch="119" fontId="jlm_cmsy10"/>
  <SymbolMapping name="ni" ch="51" fontId="jlm_cmsy10"/>
  <SymbolMapping name="owns" ch="51" fontId="jlm_cmsy10"/>
  <SymbolMapping name="dashv" ch="97" fontId="jlm_cmsy10"/>
  <SymbolMapping name="mid" ch="106" fontId="jlm_cmsy10"/>
  <SymbolMapping name="parallel" ch="107" fontId="jlm_cmsy10"/>
  <SymbolMapping name="equiv" ch="180" fontId="jlm_cmsy10"/>
  <SymbolMapping name="sim" ch="187" fontId="jlm_cmsy10"/>
  <SymbolMapping name="simeq" ch="39" fontId="jlm_cmsy10"/>
  <SymbolMapping name="asymp" ch="179" fontId="jlm_cmsy10"/>
  <SymbolMapping name="approx" ch="188" fontId="jlm_cmsy10"/>
  <SymbolMapping name="propto" ch="47" fontId="jlm_cmsy10"/>
  <SymbolMapping name="perp" ch="63" fontId="jlm_cmsy10"/>

  <!-- special relation symbol with "width=0" (to overlap other relational symbols) -->
  <SymbolMapping name="not" ch="54" fontId="jlm_cmsy10"/>

  <!-- arrows = pointing relations -->

  <SymbolMapping name="colon" ch="58" fontId="jlm_cmr10"/>
  <SymbolMapping name="nearrow" ch="37" fontId="jlm_cmsy10"/>
  <SymbolMapping name="searrow" ch="38" fontId="jlm_cmsy10"/>
  <SymbolMapping name="swarrow" ch="46" fontId="jlm_cmsy10"/>
  <SymbolMapping name="nwarrow" ch="45" fontId="jlm_cmsy10"/>
  <SymbolMapping name="leftarrow" ch="195" fontId="jlm_cmsy10"/>
  <SymbolMapping name="gets" ch="195" fontId="jlm_cmsy10"/>
  <SymbolMapping name="Leftarrow" ch="40" fontId="jlm_cmsy10"/>
  <SymbolMapping name="rightarrow" ch="33" fontId="jlm_cmsy10"/>
  <SymbolMapping name="to" ch="33" fontId="jlm_cmsy10"/>
  <SymbolMapping name="Rightarrow" ch="41" fontId="jlm_cmsy10"/>
  <SymbolMapping name="leftrightarrow" ch="36" fontId="jlm_cmsy10"/>
  <SymbolMapping name="Leftrightarrow" ch="44" fontId="jlm_cmsy10"/>
  <SymbolMapping name="leftharpoonup" ch="40" fontId="jlm_cmmi10_unchanged"/>
  <SymbolMapping name="leftharpoondown" ch="41" fontId="jlm_cmmi10_unchanged"/>
  <SymbolMapping name="rightharpoonup" ch="42" fontId="jlm_cmmi10_unchanged"/>
  <SymbolMapping name="rightharpoondown" ch="43" fontId="jlm_cmmi10_unchanged"/>

</SymbolMappings>
