<?xml version='1.0'?>
<Font name="jlm_cmssbx10.ttf" id="jlm_cmssbx10" space="0.366669" xHeight="0.458333" quad="1.100006" romanVersion="jlm_cmbx10" ttVersion="jlm_cmtt10" itVersion="jlm_cmbxti10">
   <Char code="161" width="0.580559" height="0.694445" />
   <Char code="162" width="0.916672" height="0.694445" />
   <Char code="163" width="0.85556" height="0.694445" />
   <Char code="164" width="0.672226" height="0.694445" />
   <Char code="165" width="0.733337" height="0.694445" />
   <Char code="166" width="0.794449" height="0.694445" />
   <Char code="167" width="0.794449" height="0.694445" />
   <Char code="168" width="0.85556" height="0.694445" />
   <Char code="169" width="0.794449" height="0.694445" />
   <Char code="170" width="0.85556" height="0.694445" />
   <Char code="173" width="0.794449" height="0.694445" />
   <Char code="174" width="0.64167" height="0.694445" italic="0.07639" >
      <Lig code="151" ligCode="16"/>
      <Lig code="154" ligCode="17"/>
      <Kern code="39" val="0.07639"/>
      <Kern code="63" val="0.07639"/>
      <Kern code="33" val="0.07639"/>
      <Kern code="41" val="0.07639"/>
      <Kern code="93" val="0.07639"/>
   </Char>
   <Char code="175" width="0.586115" height="0.694445" />
   <Char code="176" width="0.586115" height="0.694445" />
   <Char code="177" width="0.891672" height="0.694445" />
   <Char code="178" width="0.891672" height="0.694445" />
   <Char code="179" width="0.255557" height="0.458333" />
   <Char code="180" width="0.286113" height="0.458333" depth="0.194445" />
   <Char code="181" width="0.550003" height="0.694445" />
   <Char code="182" width="0.550003" height="0.694445" />
   <Char code="183" width="0.550003" height="0.635417" />
   <Char code="184" width="0.550003" height="0.694445" />
   <Char code="185" width="0.550003" height="0.637776" />
   <Char code="186" width="0.733337" height="0.694445" />
   <Char code="187" width="0.488892" depth="0.170138" />
   <Char code="188" width="0.56528" height="0.694445" />
   <Char code="189" width="0.794449" height="0.458333" />
   <Char code="190" width="0.85556" height="0.458333" />
   <Char code="191" width="0.550003" height="0.555555" depth="0.097223" />
   <Char code="192" width="0.9472275" height="0.694445" />
   <Char code="193" width="1.06945" height="0.694445" />
   <Char code="194" width="0.85556" height="0.743055" depth="0.048612" />
   <Char code="195" width="0.255557" height="0.458333" >
      <Kern code="108" val="-0.255557"/>
      <Kern code="76" val="-0.293057"/>
   </Char>
   <Char code="33" width="0.366669" height="0.694445" >
      <Lig code="140" ligCode="74"/>
   </Char>
   <Char code="34" width="0.558336" height="0.694445" />
   <Char code="35" width="0.916672" height="0.694445" depth="0.194443" />
   <Char code="36" width="0.550003" height="0.75" depth="0.055555" />
   <Char code="37" width="1.029119" height="0.75" depth="0.055555" />
   <Char code="38" width="0.830561" height="0.694445" />
   <Char code="39" width="0.305557" height="0.694445" >
      <Lig code="47" ligCode="42"/>
      <Kern code="63" val="0.122223"/>
      <Kern code="33" val="0.122223"/>
   </Char>
   <Char code="40" width="0.42778" height="0.75" depth="0.25" >
     <NextLarger fontId="jlm_cmex10" code="161"/>
   </Char>
   <Char code="41" width="0.42778" height="0.75" depth="0.25" >
     <NextLarger fontId="jlm_cmex10" code="162"/>
   </Char>
   <Char code="42" width="0.550003" height="0.75" />
   <Char code="43" width="0.85556" height="0.616669" depth="0.116669" />
   <Char code="44" width="0.305557" height="0.130556" depth="0.105556" />
   <Char code="45" width="0.366669" height="0.458333" >
      <Lig code="55" ligCode="173"/>
   </Char>
   <Char code="46" width="0.305557" height="0.130556" />
   <Char code="47" width="0.550003" height="0.75" depth="0.25" >
     <NextLarger fontId="jlm_cmex10" code="177"/>
   </Char>
   <Char code="48" width="0.550003" height="0.694445" />
   <Char code="49" width="0.550003" height="0.694445" />
   <Char code="50" width="0.550003" height="0.694445" />
   <Char code="51" width="0.550003" height="0.694445" />
   <Char code="52" width="0.550003" height="0.694445" />
   <Char code="53" width="0.550003" height="0.694445" />
   <Char code="54" width="0.550003" height="0.694445" />
   <Char code="55" width="0.550003" height="0.694445" />
   <Char code="56" width="0.550003" height="0.694445" />
   <Char code="57" width="0.550003" height="0.694445" />
   <Char code="58" width="0.305557" height="0.458333" />
   <Char code="59" width="0.305557" height="0.458333" depth="0.105556" />
   <Char code="60" width="0.366669" height="0.5" depth="0.194445" />
   <Char code="61" width="0.85556" height="0.40625" depth="-0.09375" />
   <Char code="62" width="0.519447" height="0.5" depth="0.194445" />
   <Char code="63" width="0.519447" height="0.694445" >
      <Lig code="140" ligCode="76"/>
   </Char>
   <Char code="64" width="0.733337" height="0.694445" />
   <Char code="65" width="0.733337" height="0.694445" >
      <Kern code="116" val="-0.030556"/>
      <Kern code="67" val="-0.030556"/>
      <Kern code="79" val="-0.030556"/>
      <Kern code="71" val="-0.030556"/>
      <Kern code="85" val="-0.030556"/>
      <Kern code="81" val="-0.030556"/>
      <Kern code="84" val="-0.091667"/>
      <Kern code="89" val="-0.091667"/>
      <Kern code="86" val="-0.122223"/>
      <Kern code="87" val="-0.122223"/>
   </Char>
   <Char code="66" width="0.733337" height="0.694445" />
   <Char code="67" width="0.702782" height="0.694445" />
   <Char code="68" width="0.794449" height="0.694445" >
      <Kern code="88" val="-0.030556"/>
      <Kern code="87" val="-0.030556"/>
      <Kern code="65" val="-0.030556"/>
      <Kern code="86" val="-0.030556"/>
      <Kern code="89" val="-0.030556"/>
   </Char>
   <Char code="69" width="0.64167" height="0.694445" />
   <Char code="70" width="0.6111145" height="0.694445" >
      <Kern code="111" val="-0.030556"/>
      <Kern code="101" val="-0.030556"/>
      <Kern code="117" val="-0.030556"/>
      <Kern code="114" val="-0.030556"/>
      <Kern code="97" val="-0.030556"/>
      <Kern code="65" val="-0.091667"/>
      <Kern code="79" val="-0.030556"/>
      <Kern code="67" val="-0.030556"/>
      <Kern code="71" val="-0.030556"/>
      <Kern code="81" val="-0.030556"/>
   </Char>
   <Char code="71" width="0.733337" height="0.694445" />
   <Char code="72" width="0.794449" height="0.694445" />
   <Char code="73" width="0.330557" height="0.694445" >
      <Kern code="73" val="0.030556"/>
   </Char>
   <Char code="74" width="0.519447" height="0.694445" />
   <Char code="75" width="0.763893" height="0.694445" >
      <Kern code="79" val="-0.030556"/>
      <Kern code="67" val="-0.030556"/>
      <Kern code="71" val="-0.030556"/>
      <Kern code="81" val="-0.030556"/>
   </Char>
   <Char code="76" width="0.580559" height="0.694445" >
      <Kern code="84" val="-0.091667"/>
      <Kern code="89" val="-0.091667"/>
      <Kern code="86" val="-0.122223"/>
      <Kern code="87" val="-0.122223"/>
   </Char>
   <Char code="77" width="0.977783" height="0.694445" />
   <Char code="78" width="0.794449" height="0.694445" />
   <Char code="79" width="0.794449" height="0.694445" >
      <Kern code="88" val="-0.030556"/>
      <Kern code="87" val="-0.030556"/>
      <Kern code="65" val="-0.030556"/>
      <Kern code="86" val="-0.030556"/>
      <Kern code="89" val="-0.030556"/>
   </Char>
   <Char code="80" width="0.702782" height="0.694445" >
      <Kern code="65" val="-0.091667"/>
      <Kern code="111" val="-0.030556"/>
      <Kern code="101" val="-0.030556"/>
      <Kern code="97" val="-0.030556"/>
      <Kern code="46" val="-0.091667"/>
      <Kern code="44" val="-0.091667"/>
   </Char>
   <Char code="81" width="0.794449" height="0.694445" depth="0.105556" />
   <Char code="82" width="0.702782" height="0.694445" />
   <Char code="83" width="0.6111145" height="0.694445" />
   <Char code="84" width="0.733337" height="0.694445" >
      <Kern code="121" val="-0.091667"/>
      <Kern code="101" val="-0.091667"/>
      <Kern code="111" val="-0.091667"/>
      <Kern code="114" val="-0.091667"/>
      <Kern code="97" val="-0.091667"/>
      <Kern code="65" val="-0.091667"/>
      <Kern code="117" val="-0.091667"/>
   </Char>
   <Char code="85" width="0.763893" height="0.694445" />
   <Char code="86" width="0.733337" height="0.694445" italic="0.015279" >
      <Kern code="111" val="-0.030556"/>
      <Kern code="101" val="-0.030556"/>
      <Kern code="117" val="-0.030556"/>
      <Kern code="114" val="-0.030556"/>
      <Kern code="97" val="-0.030556"/>
      <Kern code="65" val="-0.091667"/>
      <Kern code="79" val="-0.030556"/>
      <Kern code="67" val="-0.030556"/>
      <Kern code="71" val="-0.030556"/>
      <Kern code="81" val="-0.030556"/>
   </Char>
   <Char code="87" width="1.038895" height="0.694445" italic="0.015279" >
      <Kern code="111" val="-0.030556"/>
      <Kern code="101" val="-0.030556"/>
      <Kern code="117" val="-0.030556"/>
      <Kern code="114" val="-0.030556"/>
      <Kern code="97" val="-0.030556"/>
      <Kern code="65" val="-0.091667"/>
      <Kern code="79" val="-0.030556"/>
      <Kern code="67" val="-0.030556"/>
      <Kern code="71" val="-0.030556"/>
      <Kern code="81" val="-0.030556"/>
   </Char>
   <Char code="88" width="0.733337" height="0.694445" >
      <Kern code="79" val="-0.030556"/>
      <Kern code="67" val="-0.030556"/>
      <Kern code="71" val="-0.030556"/>
      <Kern code="81" val="-0.030556"/>
   </Char>
   <Char code="89" width="0.733337" height="0.694445" italic="0.027499" >
      <Kern code="101" val="-0.091667"/>
      <Kern code="111" val="-0.091667"/>
      <Kern code="114" val="-0.091667"/>
      <Kern code="97" val="-0.091667"/>
      <Kern code="65" val="-0.091667"/>
      <Kern code="117" val="-0.091667"/>
   </Char>
   <Char code="90" width="0.672226" height="0.694445" />
   <Char code="91" width="0.343058" height="0.75" depth="0.25" >
     <NextLarger fontId="jlm_cmex10" code="163"/>
   </Char>
   <Char code="92" width="0.558336" height="0.694445" />
   <Char code="93" width="0.343058" height="0.75" depth="0.25" >
     <NextLarger fontId="jlm_cmex10" code="164"/>
   </Char>
   <Char code="94" width="0.550003" height="0.694445" />
   <Char code="95" width="0.305557" height="0.694445" />
   <Char code="96" width="0.305557" height="0.694445" >
      <Lig code="140" ligCode="134"/>
   </Char>
   <Char code="97" width="0.525003" height="0.458333" >
      <Kern code="114" val="-0.030556"/>
      <Kern code="121" val="-0.030556"/>
      <Kern code="119" val="-0.030556"/>
   </Char>
   <Char code="98" width="0.561114" height="0.694445" >
      <Kern code="101" val="0.030556"/>
      <Kern code="111" val="0.030556"/>
      <Kern code="120" val="-0.030556"/>
      <Kern code="100" val="0.030556"/>
      <Kern code="99" val="0.030556"/>
      <Kern code="113" val="0.030556"/>
      <Kern code="114" val="-0.030556"/>
      <Kern code="121" val="-0.030556"/>
      <Kern code="119" val="-0.030556"/>
   </Char>
   <Char code="99" width="0.488892" height="0.458333" />
   <Char code="100" width="0.561114" height="0.694445" />
   <Char code="101" width="0.511114" height="0.458333" />
   <Char code="102" width="0.336113" height="0.694445" italic="0.07639" >
      <Lig code="151" ligCode="14"/>
      <Lig code="146" ligCode="13"/>
      <Lig code="154" ligCode="15"/>
      <Kern code="39" val="0.07639"/>
      <Kern code="63" val="0.07639"/>
      <Kern code="33" val="0.07639"/>
      <Kern code="41" val="0.07639"/>
      <Kern code="93" val="0.07639"/>
   </Char>
   <Char code="103" width="0.550003" height="0.458333" depth="0.194445" italic="0.015279" >
      <Kern code="106" val="0.030556"/>
   </Char>
   <Char code="104" width="0.561114" height="0.694445" />
   <Char code="105" width="0.255557" height="0.694445" />
   <Char code="106" width="0.286113" height="0.694445" depth="0.194445" />
   <Char code="107" width="0.530559" height="0.694445" >
      <Kern code="101" val="-0.030556"/>
      <Kern code="97" val="-0.030556"/>
      <Kern code="111" val="-0.030556"/>
      <Kern code="99" val="-0.030556"/>
   </Char>
   <Char code="108" width="0.255557" height="0.694445" />
   <Char code="109" width="0.866672" height="0.458333" />
   <Char code="110" width="0.561114" height="0.458333" />
   <Char code="111" width="0.550003" height="0.458333" >
      <Kern code="101" val="0.030556"/>
      <Kern code="111" val="0.030556"/>
      <Kern code="120" val="-0.030556"/>
      <Kern code="100" val="0.030556"/>
      <Kern code="99" val="0.030556"/>
      <Kern code="113" val="0.030556"/>
      <Kern code="114" val="-0.030556"/>
      <Kern code="121" val="-0.030556"/>
      <Kern code="119" val="-0.030556"/>
   </Char>
   <Char code="112" width="0.561114" height="0.458333" depth="0.194445" >
      <Kern code="101" val="0.030556"/>
      <Kern code="111" val="0.030556"/>
      <Kern code="120" val="-0.030556"/>
      <Kern code="100" val="0.030556"/>
      <Kern code="99" val="0.030556"/>
      <Kern code="113" val="0.030556"/>
      <Kern code="114" val="-0.030556"/>
      <Kern code="121" val="-0.030556"/>
      <Kern code="119" val="-0.030556"/>
   </Char>
   <Char code="113" width="0.561114" height="0.458333" depth="0.194445" />
   <Char code="114" width="0.372225" height="0.458333" italic="0.015279" />
   <Char code="115" width="0.421669" height="0.458333" />
   <Char code="116" width="0.404169" height="0.589289" >
      <Kern code="121" val="-0.030556"/>
      <Kern code="119" val="-0.030556"/>
   </Char>
   <Char code="117" width="0.561114" height="0.458333" >
      <Kern code="119" val="-0.030556"/>
   </Char>
   <Char code="118" width="0.500003" height="0.458333" italic="0.015279" />
   <Char code="119" width="0.744449" height="0.458333" italic="0.015279" >
      <Kern code="101" val="-0.030556"/>
      <Kern code="97" val="-0.030556"/>
      <Kern code="111" val="-0.030556"/>
      <Kern code="99" val="-0.030556"/>
   </Char>
   <Char code="120" width="0.500003" height="0.458333" />
   <Char code="121" width="0.500003" height="0.458333" depth="0.194445" italic="0.015279" >
      <Kern code="111" val="-0.030556"/>
      <Kern code="101" val="-0.030556"/>
      <Kern code="97" val="-0.030556"/>
      <Kern code="46" val="-0.091667"/>
      <Kern code="44" val="-0.091667"/>
   </Char>
   <Char code="122" width="0.476392" height="0.458333" />
   <Char code="123" width="0.550003" height="0.458333" italic="0.030556" >
      <Lig code="55" ligCode="174"/>
   </Char>
   <Char code="124" width="1.100006" height="0.458333" italic="0.030556" />
   <Char code="125" width="0.550003" height="0.694445" />
   <Char code="126" width="0.550003" height="0.694445" />
   <Char code="196" width="0.550003" height="0.694445" />
   <Char code="197" width="0.305481" height="0.073" depth="0.194" />
</Font>

